,,,Regular,,,,,,,Kaizo,,,,,,,Difference,,,,,,
,#,Name,HP,Att,Def,SpA,SpD,Spe,Total,HP,Att,Def,SpA,SpD,Spe,Total,HP,Att,Def,SpA,SpD,Spe,Total
,1,Bulbasaur,45,49,49,65,65,45,318,45,49,49,65,65,45,318, , , , , , , 
,2,Ivysaur,60,62,63,80,80,60,405,60,62,63,80,80,60,405, , , , , , , 
,3,Venusaur,80,82,83,100,100,80,525,80,82,83,100,100,80,525, , , , , , , 
,4,Charmander,39,52,43,60,50,65,309,39,52,43,60,50,65,309, , , , , , , 
,5,Charmeleon,58,64,58,80,65,80,405,58,64,58,80,65,80,405, , , , , , , 
,6,Charizard,78,84,78,109,85,100,534,78,84,78,109,85,100,534, , , , , , , 
,7,Squirtle,44,48,65,60,54,43,314,44,48,65,60,54,43,314, , , , , , , 
,8,Wartortle,59,63,80,65,80,58,405,59,63,80,65,80,58,405, , , , , , , 
,9,Blastoise,79,83,100,85,105,78,530,79,83,100,85,105,78,530, , , , , , , 
,10,Caterpie,45,30,35,20,20,45,195,45,30,35,20,20,45,195, , , , , , , 
,11,Metapod,50,20,55,25,25,30,205,50,20,55,25,25,30,205, , , , , , , 
,12,Butterfree,60,45,50,80,80,70,385,60,45,50,90,80,70,395, , , ,10, , ,10
,13,Weedle,40,35,30,20,20,50,195,40,35,30,20,20,50,195, , , , , , , 
,14,Kakuna,45,25,50,25,25,35,205,45,25,50,25,25,35,205, , , , , , , 
,15,Beedrill,65,80,40,40,80,75,380,65,90,40,45,80,75,395, ,10, ,5, , ,15
,16,Pidgey,40,45,40,35,35,56,251,40,45,40,35,35,56,251, , , , , , , 
,17,Pidgeotto,63,60,55,50,50,71,349,63,60,55,50,50,71,349, , , , , , , 
,18,Pidgeot,83,80,75,70,70,91,469,83,80,75,70,70,101,479, , , , , ,10,10
,19,Rattata,30,56,35,25,35,72,253,30,56,35,25,35,72,253, , , , , , , 
,20,Raticate,55,81,60,50,70,97,413,55,81,60,50,70,97,413, , , , , , , 
,21,Spearow,40,60,30,31,31,70,262,40,60,30,31,31,70,262, , , , , , , 
,22,Fearow,65,90,65,61,61,100,442,65,90,65,61,61,100,442, , , , , , , 
,23,Ekans,30,60,44,40,54,55,283,30,60,44,40,54,55,283, , , , , , , 
,24,Arbok,60,85,69,65,79,80,438,60,95,69,65,79,80,448, ,10, , , , ,10
,25,Pikachu,35,55,30,50,40,90,300,35,55,40,50,50,90,320, , ,10, ,10, ,20
,26,Raichu,60,90,55,90,80,100,475,60,90,55,90,80,110,485, , , , , ,10,10
,27,Sandshrew,50,75,85,20,30,40,300,50,75,85,20,30,40,300, , , , , , , 
,28,Sandslash,75,100,110,45,55,65,450,75,100,110,45,55,65,450, , , , , , , 
,29,Nidoran ♀,55,47,52,40,40,41,275,55,47,52,40,40,41,275, , , , , , , 
,30,Nidorina,70,62,67,55,55,56,365,70,62,67,55,55,56,365, , , , , , , 
,31,Nidoqueen,90,82,87,75,85,76,495,90,92,87,75,85,76,505, ,10, , , , ,10
,32,Nidoran ♂,46,57,40,40,40,50,273,46,57,40,40,40,50,273, , , , , , , 
,33,Nidorino,61,72,57,55,55,65,365,61,72,57,55,55,65,365, , , , , , , 
,34,Nidoking,81,92,77,85,75,85,495,81,102,77,85,75,85,505, ,10, , , , ,10
,35,Clefairy,70,45,48,60,65,35,323,70,45,48,60,65,35,323, , , , , , , 
,36,Clefable,95,70,73,85,90,60,473,95,70,73,95,90,60,483, , , ,10, , ,10
,37,Vulpix,38,41,40,50,65,65,299,38,41,40,65,65,65,314, , , ,15, , ,15
,38,Ninetales,73,76,75,81,100,100,505,73,76,75,100,100,100,524, , , ,19, , ,19
,39,Jigglypuff,115,45,20,45,25,20,270,115,45,20,45,25,20,270, , , , , , , 
,40,Wigglytuff,140,70,45,75,50,45,425,140,80,45,85,50,45,445, ,10, ,10, , ,20
,41,Zubat,40,45,35,30,40,55,245,40,45,35,30,40,55,245, , , , , , , 
,42,Golbat,75,80,70,65,75,90,455,75,80,70,65,75,90,455, , , , , , , 
,43,Oddish,45,50,55,75,65,30,320,45,50,55,75,65,30,320, , , , , , , 
,44,Gloom,60,65,70,85,75,40,395,60,65,70,85,75,40,395, , , , , , , 
,45,Vileplume,75,80,85,100,90,50,480,75,80,85,110,90,50,490, , , ,10, , ,10
,46,Paras,35,70,55,45,55,25,285,35,70,55,45,55,25,285, , , , , , , 
,47,Parasect,60,95,80,60,80,30,405,60,95,80,60,80,30,405, , , , , , , 
,48,Venonat,60,55,50,40,55,45,305,60,55,50,40,55,45,305, , , , , , , 
,49,Venomoth,70,65,60,90,75,90,450,70,65,60,90,75,90,450, , , , , , , 
,50,Diglett,10,55,25,35,45,95,265,10,55,25,35,45,95,265, , , , , , , 
,51,Dugtrio,35,80,50,50,70,120,405,35,100,50,50,70,120,425, ,20, , , , ,20
,52,Meowth,40,45,35,40,40,90,290,40,45,35,40,40,90,290, , , , , , , 
,53,Persian,65,70,60,65,65,115,440,65,70,60,65,65,115,440, , , , , , , 
,54,Psyduck,50,52,48,65,50,55,320,50,52,48,65,50,55,320, , , , , , , 
,55,Golduck,80,82,78,95,80,85,500,80,82,78,95,80,85,500, , , , , , , 
,56,Mankey,40,80,35,35,45,70,305,40,80,35,35,45,70,305, , , , , , , 
,57,Primeape,65,105,60,60,70,95,455,65,105,60,60,70,95,455, , , , , , , 
,58,Growlithe,55,70,45,70,50,60,350,55,70,45,70,50,60,350, , , , , , , 
,59,Arcanine,90,110,80,100,80,95,555,90,110,80,100,80,95,555, , , , , , , 
,60,Poliwag,40,50,40,40,40,90,300,40,50,40,40,40,90,300, , , , , , , 
,61,Poliwhirl,65,65,65,50,50,90,385,65,65,65,50,50,90,385, , , , , , , 
,62,Poliwrath,90,85,95,70,90,70,500,90,95,95,70,90,70,510, ,10, , , , ,10
,63,Abra,25,20,15,105,55,90,310,25,20,15,105,55,90,310, , , , , , , 
,64,Kadabra,40,35,30,120,70,105,400,40,35,30,120,70,105,400, , , , , , , 
,65,Alakazam,55,50,45,135,85,120,490,55,50,45,135,95,120,500, , , , ,10, ,10
,66,Machop,70,80,50,35,35,35,305,70,80,50,35,35,35,305, , , , , , , 
,67,Machoke,80,100,70,50,60,45,405,80,100,70,50,60,45,405, , , , , , , 
,68,Machamp,90,130,80,65,85,55,505,90,130,80,65,85,55,505, , , , , , , 
,69,Bellsprout,50,75,35,70,30,40,300,50,75,35,70,30,40,300, , , , , , , 
,70,Weepinbell,65,90,50,85,45,55,390,65,90,50,85,45,55,390, , , , , , , 
,71,Victreebel,80,105,65,100,60,70,480,80,105,65,100,70,70,490, , , , ,10, ,10
,72,Tentacool,40,40,35,50,100,70,335,40,40,35,50,100,70,335, , , , , , , 
,73,Tentacruel,80,70,65,80,120,100,515,80,70,65,100,120,100,535, , , ,20, , ,20
,74,Geodude,40,80,100,30,30,20,300,40,80,100,30,30,20,300, , , , , , , 
,75,Graveler,55,95,115,45,45,35,390,55,95,115,45,45,35,390, , , , , , , 
,76,Golem,80,110,130,55,65,45,485,80,120,130,55,65,45,495, ,10, , , , ,10
,77,Ponyta,50,85,55,65,65,90,410,50,85,55,65,65,90,410, , , , , , , 
,78,Rapidash,65,100,70,80,80,105,500,65,100,70,80,80,105,500, , , , , , , 
,79,Slowpoke,90,65,65,40,40,15,315,90,65,65,40,40,15,315, , , , , , , 
,80,Slowbro,95,75,110,100,80,30,490,95,75,110,100,80,30,490, , , , , , , 
,81,Magnemite,25,35,70,95,55,45,325,25,35,70,95,55,45,325, , , , , , , 
,82,Magneton,50,60,95,120,70,70,465,50,60,95,120,70,70,465, , , , , , , 
,83,Farfetch'd,52,65,55,58,62,60,352,52,90,55,58,62,60,377, ,25, , , , ,25
,84,Doduo,35,85,45,35,35,75,310,35,85,45,35,35,75,310, , , , , , , 
,85,Dodrio,60,110,70,60,60,100,460,60,110,70,60,60,110,470, , , , , ,10,10
,86,Seel,65,45,55,45,70,45,325,65,45,55,45,70,45,325, , , , , , , 
,87,Dewgong,90,70,80,70,95,70,475,90,70,80,95,95,70,500, , , ,25, , ,25
,88,Grimer,80,80,50,40,50,25,325,80,80,50,40,50,25,325, , , , , , , 
,89,Muk,105,105,75,65,100,50,500,105,105,75,65,100,50,500, , , , , , , 
,90,Shellder,30,65,100,45,25,40,305,30,65,100,45,25,40,305, , , , , , , 
,91,Cloyster,50,90,180,85,45,70,520,50,95,180,85,70,70,550, ,5, , ,25, ,30
,92,Gastly,30,35,30,100,35,80,310,30,35,30,100,35,80,310, , , , , , , 
,93,Haunter,45,50,45,115,55,95,405,45,50,45,115,55,95,405, , , , , , , 
,94,Gengar,60,65,60,130,75,110,500,60,75,60,130,75,110,510, ,10, , , , ,10
,95,Onix,35,45,160,30,45,70,385,35,45,160,30,45,70,385, , , , , , , 
,96,Drowzee,60,48,45,43,90,42,328,60,48,45,43,90,42,328, , , , , , , 
,97,Hypno,85,73,70,73,115,67,483,85,73,70,115,115,67,525, , , ,42, , ,42
,98,Krabby,30,105,90,25,25,50,325,30,105,90,25,25,50,325, , , , , , , 
,99,Kingler,55,130,115,50,50,75,475,55,130,115,50,50,75,475, , , , , , , 
,100,Voltorb,40,30,50,55,55,100,330,40,30,50,55,55,100,330, , , , , , , 
,101,Electrode,60,50,70,80,80,140,480,60,50,70,80,80,150,490, , , , , ,10,10
,102,Exeggcute,60,40,80,60,45,40,325,60,40,80,60,45,40,325, , , , , , , 
,103,Exeggutor,95,95,85,125,65,55,520,95,95,85,125,85,55,540, , , , ,20, ,20
,104,Cubone,50,50,95,40,50,35,320,50,50,95,40,50,35,320, , , , , , , 
,105,Marowak,60,80,110,50,80,45,425,60,90,110,50,80,45,435, ,10, , , , ,10
,106,Hitmonlee,50,120,53,35,110,87,455,50,120,53,35,110,87,455, , , , , , , 
,107,Hitmonchan,50,105,79,35,110,76,455,50,105,79,35,110,76,455, , , , , , , 
,108,Lickitung,90,55,75,60,75,30,385,90,55,75,60,75,30,385, , , , , , , 
,109,Koffing,40,65,95,60,45,35,340,40,65,95,60,45,35,340, , , , , , , 
,110,Weezing,65,90,120,85,70,60,490,65,90,120,85,85,60,505, , , , ,15, ,15
,111,Rhyhorn,80,85,95,30,30,25,345,80,85,95,30,30,25,345, , , , , , , 
,112,Rhydon,105,130,120,45,45,40,485,105,130,120,45,45,40,485, , , , , , , 
,113,Chansey,250,5,5,35,105,50,450,250,5,25,35,105,50,470, , ,20, , , ,20
,114,Tangela,65,55,115,100,40,60,435,65,55,115,100,100,60,495, , , , ,60, ,60
,115,Kangaskhan,105,95,80,40,80,90,490,105,95,80,40,80,90,490, , , , , , , 
,116,Horsea,30,40,70,70,25,60,295,30,40,70,70,25,60,295, , , , , , , 
,117,Seadra,55,65,95,95,45,85,440,55,65,95,95,45,85,440, , , , , , , 
,118,Goldeen,45,67,60,35,50,63,320,45,67,60,35,50,63,320, , , , , , , 
,119,Seaking,80,92,65,65,80,68,450,80,92,65,65,80,68,450, , , , , , , 
,120,Staryu,30,45,55,70,55,85,340,30,45,55,70,55,85,340, , , , , , , 
,121,Starmie,60,75,85,100,85,115,520,60,75,85,100,100,115,535, , , , ,15, ,15
,122,Mr. Mime,40,45,65,100,120,90,460,40,45,65,100,120,90,460, , , , , , , 
,123,Scyther,70,110,80,55,80,105,500,70,110,80,55,80,105,500, , , , , , , 
,124,Jynx,65,50,35,115,95,95,455,65,50,35,115,95,95,455, , , , , , , 
,125,Electabuzz,65,83,57,95,85,105,490,65,83,57,95,85,105,490, , , , , , , 
,126,Magmar,65,95,57,100,85,93,495,65,95,57,100,85,93,495, , , , , , , 
,127,Pinsir,65,125,100,55,70,85,500,65,125,100,55,70,85,500, , , , , , , 
,128,Tauros,75,100,95,40,70,110,490,75,100,95,40,70,110,490, , , , , , , 
,129,Magikarp,20,10,55,15,20,80,200,20,10,55,15,20,80,200, , , , , , , 
,130,Gyarados,95,125,79,60,100,81,540,95,125,79,60,100,81,540, , , , , , , 
,131,Lapras,130,85,80,85,95,60,535,130,85,80,95,105,60,555, , , ,10,10, ,20
,132,Ditto,48,48,48,48,48,48,288,100,100,100,100,100,100,600,52,52,52,52,52,52,312
,133,Eevee,55,55,50,45,65,55,325,55,55,50,45,65,55,325, , , , , , , 
,134,Vaporeon,130,65,60,110,95,65,525,130,65,60,110,95,65,525, , , , , , , 
,135,Jolteon,65,65,60,110,95,130,525,65,65,60,110,95,130,525, , , , , , , 
,136,Flareon,65,130,60,95,110,65,525,65,130,60,95,110,65,525, , , , , , , 
,137,Porygon,65,60,70,85,75,40,395,65,60,70,85,75,40,395, , , , , , , 
,138,Omanyte,35,40,100,90,55,35,355,35,40,100,90,55,35,355, , , , , , , 
,139,Omastar,70,60,125,115,70,55,495,70,60,125,115,70,55,495, , , , , , , 
,140,Kabuto,30,80,90,55,45,55,355,30,80,90,55,45,55,355, , , , , , , 
,141,Kabutops,60,115,105,65,70,80,495,60,115,105,65,70,80,495, , , , , , , 
,142,Aerodactyl,80,105,65,60,75,130,515,80,105,65,60,75,130,515, , , , , , , 
,143,Snorlax,160,110,65,65,110,30,540,160,110,65,65,110,30,540, , , , , , , 
,144,Articuno,90,85,100,95,125,85,580,90,85,100,115,125,85,600, , , ,20, , ,20
,145,Zapdos,90,90,85,125,90,100,580,90,95,90,125,95,105,600, ,5,5, ,5,5,20
,146,Moltres,90,100,90,125,85,90,580,90,120,90,125,85,90,600, ,20, , , , ,20
,147,Dratini,41,64,45,50,50,50,300,41,64,45,50,50,50,300, , , , , , , 
,148,Dragonair,61,84,65,70,70,70,420,61,84,65,70,70,70,420, , , , , , , 
,149,Dragonite,91,134,95,100,100,80,600,91,134,95,100,100,80,600, , , , , , , 
,150,Mewtwo,106,110,90,154,90,130,680,106,110,90,154,90,130,680, , , , , , , 
,151,Mew,100,100,100,100,100,100,600,100,100,100,100,100,100,600, , , , , , , 
,152,Chikorita,45,49,65,49,65,45,318,45,49,65,49,65,45,318, , , , , , , 
,153,Bayleef,60,62,80,63,80,60,405,60,62,80,63,80,60,405, , , , , , , 
,154,Meganium,80,82,100,83,100,80,525,80,82,100,83,100,80,525, , , , , , , 
,155,Cyndaquil,39,52,43,60,50,65,309,39,52,43,60,50,65,309, , , , , , , 
,156,Quilava,58,64,58,80,65,80,405,58,64,58,80,65,80,405, , , , , , , 
,157,Typhlosion,78,84,78,109,85,100,534,78,84,78,109,85,100,534, , , , , , , 
,158,Totodile,50,65,64,44,48,43,314,50,65,64,44,48,43,314, , , , , , , 
,159,Croconaw,65,80,80,59,63,58,405,65,80,80,59,63,58,405, , , , , , , 
,160,Feraligatr,85,105,100,79,83,78,530,85,105,100,79,83,78,530, , , , , , , 
,161,Sentret,35,46,34,35,45,20,215,35,46,34,35,45,20,215, , , , , , , 
,162,Furret,85,76,64,45,55,90,415,85,76,64,45,55,90,415, , , , , , , 
,163,Hoothoot,60,30,30,36,56,50,262,60,30,30,36,56,50,262, , , , , , , 
,164,Noctowl,100,50,50,76,96,70,442,100,50,50,86,96,70,452, , , ,10, , ,10
,165,Ledyba,40,20,30,40,80,55,265,40,20,30,40,80,55,265, , , , , , , 
,166,Ledian,55,35,50,55,110,85,390,55,35,50,55,110,85,390, , , , , , , 
,167,Spinarak,40,60,40,40,40,30,250,40,60,40,40,40,30,250, , , , , , , 
,168,Ariados,70,90,70,60,60,40,390,70,90,70,60,70,40,400, , , , ,10, ,10
,169,Crobat,85,90,80,70,80,130,535,85,90,80,70,80,130,535, , , , , , , 
,170,Chinchou,75,38,38,56,56,67,330,75,38,38,56,56,67,330, , , , , , , 
,171,Lanturn,125,58,58,76,76,67,460,125,50,66,76,76,67,460, ,-8,8, , , , 
,172,Pichu,20,40,15,35,35,60,205,20,40,15,35,35,60,205, , , , , , , 
,173,Cleffa,50,25,28,45,55,15,218,50,25,28,45,55,15,218, , , , , , , 
,174,Igglybuff,90,30,15,40,20,15,210,90,30,15,40,20,15,210, , , , , , , 
,175,Togepi,35,20,65,40,65,20,245,35,20,65,40,65,20,245, , , , , , , 
,176,Togetic,55,40,85,80,105,40,405,55,40,85,80,105,40,405, , , , , , , 
,177,Natu,40,50,45,70,45,70,320,40,50,45,70,45,70,320, , , , , , , 
,178,Xatu,65,75,70,95,70,95,470,65,75,70,95,70,95,470, , , , , , , 
,179,Mareep,55,40,40,65,45,35,280,55,40,40,65,45,35,280, , , , , , , 
,180,Flaaffy,70,55,55,80,60,45,365,70,55,55,80,60,45,365, , , , , , , 
,181,Ampharos,90,75,75,115,90,55,500,90,75,85,115,90,55,510, , ,10, , , ,10
,182,Bellossom,75,80,85,90,100,50,480,75,80,95,90,100,50,490, , ,10, , , ,10
,183,Marill,70,20,50,20,50,40,250,70,20,50,20,50,40,250, , , , , , , 
,184,Azumarill,100,50,80,50,80,50,410,100,60,80,60,80,50,430, ,10, ,10, , ,20
,185,Sudowoodo,70,100,115,30,65,30,410,70,100,115,30,65,30,410, , , , , , , 
,186,Politoed,90,75,75,90,100,70,500,90,75,75,90,100,70,500, , , , , , , 
,187,Hoppip,35,35,40,35,55,50,250,35,35,40,35,55,50,250, , , , , , , 
,188,Skiploom,55,45,50,45,65,80,340,55,45,50,45,65,80,340, , , , , , , 
,189,Jumpluff,75,55,70,55,85,110,450,75,55,70,55,95,110,460, , , , ,10, ,10
,190,Aipom,55,70,55,40,55,85,360,55,70,55,40,55,85,360, , , , , , , 
,191,Sunkern,30,30,30,30,30,30,180,30,30,30,30,30,30,180, , , , , , , 
,192,Sunflora,75,75,55,105,85,30,425,75,75,55,105,85,30,425, , , , , , , 
,193,Yanma,65,65,45,75,45,95,390,65,65,45,75,45,95,390, , , , , , , 
,194,Wooper,55,45,45,25,25,15,210,55,45,45,25,25,15,210, , , , , , , 
,195,Quagsire,95,85,85,65,65,35,430,95,85,85,65,65,35,430, , , , , , , 
,196,Espeon,65,65,60,130,95,110,525,65,65,60,130,95,110,525, , , , , , , 
,197,Umbreon,95,65,110,60,130,65,525,95,65,110,60,130,65,525, , , , , , , 
,198,Murkrow,60,85,42,85,42,91,405,60,85,42,85,42,91,405, , , , , , , 
,199,Slowking,95,75,80,100,110,30,490,95,75,80,100,110,30,490, , , , , , , 
,200,Misdreavus,60,60,60,85,85,85,435,60,60,60,105,105,105,495, , , ,20,20,20,60
,201,Unown,48,72,48,72,48,48,336,48,72,48,72,48,48,336, , , , , , , 
,202,Wobbuffet,190,33,58,33,58,33,405,190,33,58,33,58,33,405, , , , , , , 
,203,Girafarig,70,80,65,90,65,85,455,70,80,65,90,65,85,455, , , , , , , 
,204,Pineco,50,65,90,35,35,15,290,50,65,90,35,35,15,290, , , , , , , 
,205,Forretress,75,90,140,60,60,40,465,75,90,140,60,60,40,465, , , , , , , 
,206,Dunsparce,100,70,70,65,65,45,415,100,70,70,65,65,45,415, , , , , , , 
,207,Gligar,65,75,105,35,65,85,430,65,75,105,35,65,85,430, , , , , , , 
,208,Steelix,75,85,200,55,65,30,510,75,85,200,55,65,30,510, , , , , , , 
,209,Snubbull,60,80,50,40,40,30,300,60,80,50,40,40,30,300, , , , , , , 
,210,Granbull,90,120,75,60,60,45,450,90,120,75,60,60,45,450, , , , , , , 
,211,Qwilfish,65,95,75,55,55,85,430,65,95,85,55,55,85,440, , ,10, , , ,10
,212,Scizor,70,130,100,55,80,65,500,70,130,100,55,80,65,500, , , , , , , 
,213,Shuckle,20,10,230,10,230,5,505,50,15,230,5,230,5,535,30,5, ,-5, , ,30
,214,Heracross,80,125,75,40,95,85,500,80,125,75,40,95,85,500, , , , , , , 
,215,Sneasel,55,95,55,35,75,115,430,55,95,55,35,75,115,430, , , , , , , 
,216,Teddiursa,60,80,50,50,50,40,330,60,80,50,50,50,40,330, , , , , , , 
,217,Ursaring,90,130,75,75,75,55,500,90,130,75,75,75,55,500, , , , , , , 
,218,Slugma,40,40,40,70,40,20,250,40,40,40,70,40,20,250, , , , , , , 
,219,Magcargo,50,50,120,80,80,30,410,60,50,120,90,80,30,430,10, , ,10, , ,20
,220,Swinub,50,50,40,30,30,50,250,50,50,40,30,30,50,250, , , , , , , 
,221,Piloswine,100,100,80,60,60,50,450,100,100,80,70,60,60,470, , , ,10, ,10,20
,222,Corsola,55,55,85,65,85,35,380,65,55,95,65,95,35,410,10, ,10, ,10, ,30
,223,Remoraid,35,65,35,65,35,65,300,35,65,35,65,35,65,300, , , , , , , 
,224,Octillery,75,105,75,105,75,45,480,75,105,75,105,75,45,480, , , , , , , 
,225,Delibird,45,55,45,65,45,75,330,45,55,45,65,45,75,330, , , , , , , 
,226,Mantine,65,40,70,80,140,70,465,85,40,70,80,140,70,485,20, , , , , ,20
,227,Skarmory,65,80,140,40,70,70,465,65,80,140,40,70,70,465, , , , , , , 
,228,Houndour,45,60,30,80,50,65,330,45,60,30,80,50,65,330, , , , , , , 
,229,Houndoom,75,90,50,110,80,95,500,75,90,50,130,80,110,535, , , ,20, ,15,35
,230,Kingdra,75,95,95,95,95,85,540,75,95,95,95,95,85,540, , , , , , , 
,231,Phanpy,90,60,60,40,40,40,330,90,60,60,40,40,40,330, , , , , , , 
,232,Donphan,90,120,120,60,60,50,500,90,120,120,60,60,50,500, , , , , , , 
,233,Porygon2,85,80,90,105,95,60,515,85,80,90,105,95,60,515, , , , , , , 
,234,Stantler,73,95,62,85,65,85,465,73,95,62,85,65,85,465, , , , , , , 
,235,Smeargle,55,20,35,20,45,75,250,60,60,70,60,70,75,395,5,40,35,40,25, ,145
,236,Tyrogue,35,35,35,35,35,35,210,35,35,35,35,35,35,210, , , , , , , 
,237,Hitmontop,50,95,95,35,110,70,455,50,95,95,35,110,70,455, , , , , , , 
,238,Smoochum,45,30,15,85,65,65,305,45,30,15,85,65,65,305, , , , , , , 
,239,Elekid,45,63,37,65,55,95,360,45,63,37,65,55,95,360, , , , , , , 
,240,Magby,45,75,37,70,55,83,365,45,75,37,70,55,83,365, , , , , , , 
,241,Miltank,95,80,105,40,70,100,490,95,80,105,40,70,100,490, , , , , , , 
,242,Blissey,255,10,10,75,135,55,540,255,5,35,75,115,55,540, ,-5,25, ,-20, , 
,243,Raikou,90,85,75,115,100,115,580,90,85,95,115,100,115,600, , ,20, , , ,20
,244,Entei,115,115,85,90,75,100,580,115,115,85,110,75,100,600, , , ,20, , ,20
,245,Suicune,100,75,115,90,115,85,580,120,75,115,90,115,85,600,20, , , , , ,20
,246,Larvitar,50,64,50,45,50,41,300,50,64,50,45,50,41,300, , , , , , , 
,247,Pupitar,70,84,70,65,70,51,410,70,84,70,65,70,51,410, , , , , , , 
,248,Tyranitar,100,134,110,95,100,61,600,100,134,110,95,100,61,600, , , , , , , 
,249,Lugia,106,90,130,90,154,110,680,106,90,130,90,154,110,680, , , , , , , 
,250,Ho-oh,106,130,90,110,154,90,680,106,130,90,110,154,90,680, , , , , , , 
,251,Celebi,100,100,100,100,100,100,600,100,100,100,100,100,100,600, , , , , , , 
,252,Treecko,40,45,35,65,55,70,310,40,45,35,65,55,70,310, , , , , , , 
,253,Grovyle,50,65,45,85,65,95,405,50,65,45,85,65,95,405, , , , , , , 
,254,Sceptile,70,85,65,105,85,120,530,70,85,65,105,85,120,530, , , , , , , 
,255,Torchic,45,60,40,70,50,45,310,45,60,40,70,50,45,310, , , , , , , 
,256,Combusken,60,85,60,85,60,55,405,60,85,60,85,60,55,405, , , , , , , 
,257,Blaziken,80,120,70,110,70,80,530,80,120,70,110,70,80,530, , , , , , , 
,258,Mudkip,50,70,50,50,50,40,310,50,70,50,50,50,40,310, , , , , , , 
,259,Marshtomp,70,85,70,60,70,50,405,70,85,70,60,70,50,405, , , , , , , 
,260,Swampert,100,110,90,85,90,60,535,100,110,90,85,90,60,535, , , , , , , 
,261,Poochyena,35,55,35,30,30,35,220,35,55,35,30,30,35,220, , , , , , , 
,262,Mightyena,70,90,70,60,60,70,420,70,90,70,60,60,70,420, , , , , , , 
,263,Zigzagoon,38,30,41,30,41,60,240,38,30,41,30,41,60,240, , , , , , , 
,264,Linoone,78,70,61,50,61,100,420,78,70,61,50,61,100,420, , , , , , , 
,265,Wurmple,45,45,35,20,30,20,195,45,45,35,20,30,20,195, , , , , , , 
,266,Silcoon,50,35,55,25,25,15,205,50,35,55,25,25,15,205, , , , , , , 
,267,Beautifly,60,70,50,90,50,65,385,60,70,50,100,50,65,395, , , ,10, , ,10
,268,Cascoon,50,35,55,25,25,15,205,50,35,55,25,25,15,205, , , , , , , 
,269,Dustox,60,50,70,50,90,65,385,60,50,70,50,90,65,385, , , , , , , 
,270,Lotad,40,30,30,40,50,30,220,40,30,30,40,50,30,220, , , , , , , 
,271,Lombre,60,50,50,60,70,50,340,60,50,50,60,70,50,340, , , , , , , 
,272,Ludicolo,80,70,70,90,100,70,480,80,70,70,90,100,70,480, , , , , , , 
,273,Seedot,40,40,50,30,30,30,220,40,40,50,30,30,30,220, , , , , , , 
,274,Nuzleaf,70,70,40,60,40,60,340,70,70,40,60,40,60,340, , , , , , , 
,275,Shiftry,90,100,60,90,60,80,480,90,100,60,90,60,80,480, , , , , , , 
,276,Taillow,40,55,30,30,30,85,270,40,55,30,30,30,85,270, , , , , , , 
,277,Swellow,60,85,60,50,50,125,430,60,85,60,75,50,125,455, , , ,25, , ,25
,278,Wingull,40,30,30,55,30,85,270,40,30,30,55,30,85,270, , , , , , , 
,279,Pelipper,60,50,100,85,70,65,430,60,50,100,95,70,65,440, , , ,10, , ,10
,280,Ralts,28,25,25,45,35,40,198,28,25,25,45,35,40,198, , , , , , , 
,281,Kirlia,38,35,35,65,55,50,278,38,35,35,65,55,50,278, , , , , , , 
,282,Gardevoir,68,65,65,125,115,80,518,70,65,75,125,115,90,540,2, ,10, , ,10,22
,283,Surskit,40,30,32,50,52,65,269,40,30,32,50,52,65,269, , , , , , , 
,284,Masquerain,70,60,62,80,82,60,414,70,60,62,100,82,60,434, , , ,20, , ,20
,285,Shroomish,60,40,60,40,60,35,295,60,40,60,40,60,35,295, , , , , , , 
,286,Breloom,60,130,80,60,60,70,460,60,130,80,60,60,70,460, , , , , , , 
,287,Slakoth,60,60,60,35,35,30,280,60,60,60,35,35,30,280, , , , , , , 
,288,Vigoroth,80,80,80,55,55,90,440,80,80,80,55,55,90,440, , , , , , , 
,289,Slaking,150,160,100,95,65,100,670,150,160,100,95,65,100,670, , , , , , , 
,290,Nincada,31,45,90,30,30,40,266,31,45,90,30,30,40,266, , , , , , , 
,291,Ninjask,61,90,45,50,50,160,456,61,90,45,50,50,160,456, , , , , , , 
,292,Shedinja,1,90,45,30,30,40,236,1,110,35,30,20,40,236, ,20,-10, ,-10, , 
,293,Whismur,64,51,23,51,23,28,240,64,51,23,51,23,28,240, , , , , , , 
,294,Loudred,84,71,43,71,43,48,360,84,71,43,71,43,48,360, , , , , , , 
,295,Exploud,104,91,63,91,63,68,480,104,91,63,91,63,68,480, , , , , , , 
,296,Makuhita,72,60,30,20,30,25,237,72,60,30,20,30,25,237, , , , , , , 
,297,Hariyama,144,120,60,40,60,50,474,144,120,60,40,60,50,474, , , , , , , 
,298,Azurill,50,20,40,20,40,20,190,50,20,40,20,40,20,190, , , , , , , 
,299,Nosepass,30,45,135,45,90,30,375,30,45,135,45,90,30,375, , , , , , , 
,300,Skitty,50,45,45,35,35,50,260,50,45,45,35,35,50,260, , , , , , , 
,301,Delcatty,70,65,65,55,55,70,380,70,65,65,55,55,90,400, , , , , ,20,20
,302,Sableye,50,75,75,65,65,50,380,95,125,125,65,115,20,545,45,50,50, ,50,-30,165
,303,Mawile,50,85,85,55,55,50,380,50,85,85,55,55,50,380, , , , , , , 
,304,Aron,50,70,100,40,40,30,330,50,70,100,40,40,30,330, , , , , , , 
,305,Lairon,60,90,140,50,50,40,430,60,90,140,50,50,40,430, , , , , , , 
,306,Aggron,70,110,180,60,60,50,530,70,110,180,60,60,50,530, , , , , , , 
,307,Meditite,30,40,55,40,55,60,280,30,40,55,40,55,60,280, , , , , , , 
,308,Medicham,60,60,75,60,75,80,410,60,60,75,60,75,80,410, , , , , , , 
,309,Electrike,40,45,40,65,40,65,295,40,45,40,65,40,65,295, , , , , , , 
,310,Manectric,70,75,60,105,60,105,475,70,75,60,105,60,105,475, , , , , , , 
,311,Plusle,60,50,40,85,75,95,405,60,50,40,85,75,95,405, , , , , , , 
,312,Minun,60,40,50,75,85,95,405,60,40,50,75,85,95,405, , , , , , , 
,313,Volbeat,65,73,55,47,75,85,400,65,73,75,47,85,85,430, , ,20, ,10, ,30
,314,Illumise,65,47,55,73,75,85,400,65,47,75,73,85,85,430, , ,20, ,10, ,30
,315,Roselia,50,60,45,100,80,65,400,50,60,45,100,80,65,400, , , , , , , 
,316,Gulpin,70,43,53,43,53,40,302,70,43,53,43,53,40,302, , , , , , , 
,317,Swalot,100,73,83,73,83,55,467,100,73,83,73,83,55,467, , , , , , , 
,318,Carvanha,45,90,20,65,20,65,305,45,90,20,65,20,65,305, , , , , , , 
,319,Sharpedo,70,120,40,95,40,95,460,70,120,40,95,40,95,460, , , , , , , 
,320,Wailmer,130,70,35,70,35,60,400,130,70,35,70,35,60,400, , , , , , , 
,321,Wailord,170,90,45,90,45,60,500,160,110,64,110,110,1,555,-10,20,19,20,65,-59,55
,322,Numel,60,60,40,65,45,35,305,60,60,40,65,45,35,305, , , , , , , 
,323,Camerupt,70,100,70,105,75,40,460,70,100,70,105,75,40,460, , , , , , , 
,324,Torkoal,70,85,140,85,70,20,470,70,85,140,85,70,20,470, , , , , , , 
,325,Spoink,60,25,35,70,80,60,330,60,25,35,70,80,60,330, , , , , , , 
,326,Grumpig,80,45,65,90,110,80,470,80,45,65,90,110,80,470, , , , , , , 
,327,Spinda,60,60,60,60,60,60,360,80,80,80,80,80,80,480,20,20,20,20,20,20,120
,328,Trapinch,45,100,45,45,45,10,290,45,100,45,45,45,10,290, , , , , , , 
,329,Vibrava,50,70,50,50,50,70,340,50,70,50,50,50,70,340, , , , , , , 
,330,Flygon,80,100,80,80,80,100,520,80,100,80,80,80,100,520, , , , , , , 
,331,Cacnea,50,85,40,85,40,35,335,50,85,40,85,40,35,335, , , , , , , 
,332,Cacturne,70,115,60,115,60,55,475,70,115,60,115,60,55,475, , , , , , , 
,333,Swablu,45,40,60,40,75,50,310,45,40,60,40,75,50,310, , , , , , , 
,334,Altaria,75,70,90,70,105,80,490,75,70,90,70,105,80,490, , , , , , , 
,335,Zangoose,73,115,60,60,60,90,458,73,115,60,60,60,90,458, , , , , , , 
,336,Seviper,73,100,60,100,60,65,458,73,100,60,100,60,65,458, , , , , , , 
,337,Lunatone,70,55,65,95,85,70,440,90,55,65,95,85,70,460,20, , , , , ,20
,338,Solrock,70,95,85,55,65,70,440,90,95,85,55,65,70,460,20, , , , , ,20
,339,Barboach,50,48,43,46,41,60,288,50,48,43,46,41,60,288, , , , , , , 
,340,Whiscash,110,78,73,76,71,60,468,110,78,73,76,71,60,468, , , , , , , 
,341,Corphish,43,80,65,50,35,35,308,43,80,65,50,35,35,308, , , , , , , 
,342,Crawdaunt,63,120,85,90,55,55,468,63,120,85,90,55,55,468, , , , , , , 
,343,Baltoy,40,40,55,40,70,55,300,40,40,55,40,70,55,300, , , , , , , 
,344,Claydol,60,70,105,70,120,75,500,60,70,105,70,120,75,500, , , , , , , 
,345,Lileep,66,41,77,61,87,23,355,66,41,77,61,87,23,355, , , , , , , 
,346,Cradily,86,81,97,81,107,43,495,86,81,97,81,107,43,495, , , , , , , 
,347,Anorith,45,95,50,40,50,75,355,45,95,50,40,50,75,355, , , , , , , 
,348,Armaldo,75,125,100,70,80,45,495,75,125,100,70,80,45,495, , , , , , , 
,349,Feebas,20,15,20,10,55,80,200,20,15,20,10,55,80,200, , , , , , , 
,350,Milotic,95,60,79,100,125,81,540,95,60,79,100,125,81,540, , , , , , , 
,351,Castform,70,70,70,70,70,70,420,75,110,75,110,75,100,545,5,40,5,40,5,30,125
,352,Kecleon,60,90,70,60,120,40,440,60,90,70,60,120,40,440, , , , , , , 
,353,Shuppet,44,75,35,63,33,45,295,44,75,35,63,33,45,295, , , , , , , 
,354,Banette,64,115,65,83,63,65,455,64,115,65,83,63,65,455, , , , , , , 
,355,Duskull,20,40,90,30,90,25,295,20,40,90,30,90,25,295, , , , , , , 
,356,Dusclops,40,70,130,60,130,25,455,90,100,130,60,130,25,535,50,30, , , , ,80
,357,Tropius,99,68,83,72,87,51,460,99,68,83,72,87,51,460, , , , , , , 
,358,Chimecho,65,50,70,95,80,65,425,75,50,80,95,90,65,455,10, ,10, ,10, ,30
,359,Absol,65,130,60,75,60,75,465,65,130,60,75,60,75,465, , , , , , , 
,360,Wynaut,95,23,48,23,48,23,260,95,23,48,23,48,23,260, , , , , , , 
,361,Snorunt,50,50,50,50,50,50,300,50,50,50,50,50,50,300, , , , , , , 
,362,Glalie,80,80,80,80,80,80,480,80,100,80,100,80,100,540, ,20, ,20, ,20,60
,363,Spheal,70,40,50,55,50,25,290,70,40,50,55,50,25,290, , , , , , , 
,364,Sealeo,90,60,70,75,70,45,410,90,60,70,75,70,45,410, , , , , , , 
,365,Walrein,110,80,90,95,90,65,530,110,80,90,95,90,65,530, , , , , , , 
,366,Clamperl,35,64,85,74,55,32,345,35,64,85,74,55,32,345, , , , , , , 
,367,Huntail,55,104,105,94,75,52,485,55,104,105,94,75,52,485, , , , , , , 
,368,Gorebyss,55,84,105,114,75,52,485,55,84,105,114,75,52,485, , , , , , , 
,369,Relicanth,100,90,130,45,65,55,485,100,90,130,45,65,55,485, , , , , , , 
,370,Luvdisc,43,30,55,40,65,97,330,43,30,55,40,65,97,330, , , , , , , 
,371,Bagon,45,75,60,40,30,50,300,45,75,60,40,30,50,300, , , , , , , 
,372,Shelgon,65,95,100,60,50,50,420,65,95,100,60,50,50,420, , , , , , , 
,373,Salamence,95,135,80,110,80,100,600,95,135,80,110,80,100,600, , , , , , , 
,374,Beldum,40,55,80,35,60,30,300,40,55,80,35,60,30,300, , , , , , , 
,375,Metang,60,75,100,55,80,50,420,60,75,100,55,80,50,420, , , , , , , 
,376,Metagross,80,135,130,95,90,70,600,80,135,130,95,90,70,600, , , , , , , 
,377,Regirock,80,100,200,50,100,50,580,80,120,200,50,100,50,600, ,20, , , , ,20
,378,Regice,80,50,100,100,200,50,580,80,50,100,120,200,50,600, , , ,20, , ,20
,379,Registeel,80,75,150,75,150,50,580,100,75,150,75,150,50,600,20, , , , , ,20
,380,Latias,80,80,90,110,130,110,600,80,80,90,110,130,110,600, , , , , , , 
,381,Latios,80,90,80,130,110,110,600,80,90,80,130,110,110,600, , , , , , , 
,382,Kyogre,100,100,90,150,140,90,670,100,100,90,150,140,90,670, , , , , , , 
,383,Groudon,100,150,140,100,90,90,670,100,150,140,100,90,90,670, , , , , , , 
,384,Rayquaza,105,150,90,150,90,95,680,105,150,90,150,90,95,680, , , , , , , 
,385,Jirachi,100,100,100,100,100,100,600,100,100,100,100,100,100,600, , , , , , , 
,386,Deoxys (N),50,150,50,150,50,150,600,50,150,50,150,50,150,600, , , , , , , 